img_path,quality,img_name,label,PRIMARY,SECONDARY,TERTIARY,QUATERNARY,LOGO,LOGO_ACCENT
3a63ad36-e753-4b34-a17e-3f7c45b0fcb5,1,DV2114-001,,"{'color_code': '01X', 'color_name': 'PHANTOM', 'color_family': 'GREY', 'ligthness': 'HIGH', 'chroma': 'NEUTRAL', 'nine_color_group': 1}","{'color_code': '47N', 'color_name': 'UNIVERSITY BLUE', 'color_family': 'BLUE-PURPLE', 'ligthness': 'MEDIUM', 'chroma': 'TRUE', 'nine_color_group': 5}","{'color_code': '89L', 'color_name': 'TEAM ORANGE', 'color_family': 'ORANGE', 'ligthness': 'MEDIUM', 'chroma': 'VIVID', 'nine_color_group': 8}","{'color_code': '86R', 'color_name': 'CITRON TINT', 'color_family': 'YELLOW', 'ligthness': 'HIGH', 'chroma': 'TRUE', 'nine_color_group': 4}","{'color_code': '36Z', 'color_name': 'VIVID GREEN', 'color_family': 'YELLOW-GREEN', 'ligthness': 'HIGH', 'chroma': 'TRUE', 'nine_color_group': 4}","{'color_code': '11K', 'color_name': 'SAIL', 'color_family': 'GREY', 'ligthness': 'HIGH', 'chroma': 'NEUTRAL', 'nine_color_group': 1}"
35a5db69-8e41-46d5-af24-a333580d655a,1,CW1765-400,,,,,,,
d34b73b8-4f55-4fc6-a89c-d3bc6734c0ac,1,DQ3974-001,,"{'color_code': '01V', 'color_name': 'WOLF GREY', 'color_family': 'GREY', 'ligthness': 'HIGH', 'chroma': 'NEUTRAL', 'nine_color_group': 1}","{'color_code': '49H', 'color_name': 'MEDIUM BLUE', 'color_family': 'BLUE-PURPLE', 'ligthness': 'MEDIUM', 'chroma': 'TRUE', 'nine_color_group': 5}","{'color_code': '0AH', 'color_name': 'DK SMOKE GREY', 'color_family': 'GREY', 'ligthness': 'LOW', 'chroma': 'NEUTRAL', 'nine_color_group': 3}","{'color_code': '49H', 'color_name': 'MEDIUM BLUE', 'color_family': 'BLUE-PURPLE', 'ligthness': 'MEDIUM', 'chroma': 'TRUE', 'nine_color_group': 5}","{'color_code': '49H', 'color_name': 'MEDIUM BLUE', 'color_family': 'BLUE-PURPLE', 'ligthness': 'MEDIUM', 'chroma': 'TRUE', 'nine_color_group': 5}","{'color_code': '88N', 'color_name': 'MAGIC EMBER', 'color_family': 'PINK', 'ligthness': 'MEDIUM', 'chroma': 'VIVID', 'nine_color_group': 8}"
862add2d-00ff-4db9-a44a-9f18c2ae4bcd,1,DV2118-001,,"{'color_code': '00A', 'color_name': 'BLACK', 'color_family': 'BLACK', 'ligthness': 'LOW', 'chroma': 'NEUTRAL', 'nine_color_group': 3}","{'color_code': '40W', 'color_name': 'PHOTO BLUE', 'color_family': 'BLUE-PURPLE', 'ligthness': 'MEDIUM', 'chroma': 'VIVID', 'nine_color_group': 8}","{'color_code': '6CD', 'color_name': 'BRIGHT CRIMSON', 'color_family': 'PINK', 'ligthness': 'MEDIUM', 'chroma': 'VIVID', 'nine_color_group': 8}",None,"{'color_code': '76I', 'color_name': 'UNIVERSITY GOLD', 'color_family': 'ORANGE', 'ligthness': 'HIGH', 'chroma': 'VIVID', 'nine_color_group': 7}",None
7417444a-ad43-4b0a-8eb9-d623dd6a1c42,1,CW6973-600,,"{'color_code': '65N', 'color_name': 'UNIVERSITY RED', 'color_family': 'RED', 'ligthness': 'LOW', 'chroma': 'VIVID', 'nine_color_group': 9}",None,None,None,"{'color_code': '65N', 'color_name': 'UNIVERSITY RED', 'color_family': 'RED', 'ligthness': 'LOW', 'chroma': 'VIVID', 'nine_color_group': 9}",None
1e888509-bf4e-4700-903a-1b93304af0da,1,DH4085-002,,,,,,,
b4ccd4fc-7ad3-4383-9666-4e8732fdfd02,1,DO5852-900,,92A,"{'color_code': '70W', 'color_name': 'POLLEN', 'color_family': 'ORANGE', 'ligthness': 'HIGH', 'chroma': 'TRUE', 'nine_color_group': 4}","{'color_code': '47B', 'color_name': 'CHLORINE BLUE', 'color_family': 'BLUE', 'ligthness': 'MEDIUM', 'chroma': 'TRUE', 'nine_color_group': 5}",None,"{'color_code': '00A', 'color_name': 'BLACK', 'color_family': 'BLACK', 'ligthness': 'LOW', 'chroma': 'NEUTRAL', 'nine_color_group': 3}","{'color_code': '06F', 'color_name': 'ANTHRACITE', 'color_family': 'GREY', 'ligthness': 'LOW', 'chroma': 'NEUTRAL', 'nine_color_group': 3}"
00bd2b44-2fa2-40ef-a19a-6d884c26c2f9,1,DN3074-001,,,,,,,
0931f7cc-74b6-43a4-8522-5dd0a20d1767,1,DM8317-100,,"{'color_code': '11M', 'color_name': 'COCONUT MILK', 'color_family': 'YELLOW', 'ligthness': 'HIGH', 'chroma': 'NEUTRAL', 'nine_color_group': 1}","{'color_code': '4NP', 'color_name': 'HYPER ROYAL', 'color_family': 'BLUE-PURPLE', 'ligthness': 'LOW', 'chroma': 'TRUE', 'nine_color_group': 6}","{'color_code': '10A', 'color_name': 'WHITE', 'color_family': 'WHITE', 'ligthness': 'HIGH', 'chroma': 'NEUTRAL', 'nine_color_group': 1}",None,"{'color_code': '6CD', 'color_name': 'BRIGHT CRIMSON', 'color_family': 'PINK', 'ligthness': 'MEDIUM', 'chroma': 'VIVID', 'nine_color_group': 8}",None
255b420b-511c-4963-a21b-09c72c7711d6,1,DH1307-200,,"{'color_code': '20Z', 'color_name': 'FOSSIL', 'color_family': 'YELLOW', 'ligthness': 'HIGH', 'chroma': 'NEUTRAL', 'nine_color_group': 1}","{'color_code': '4MT', 'color_name': 'HYDROGEN BLUE', 'color_family': 'BLUE-PURPLE', 'ligthness': 'HIGH', 'chroma': 'NEUTRAL', 'nine_color_group': 1}","{'color_code': '4PA', 'color_name': 'BLUE VOID', 'color_family': 'BLUE-PURPLE', 'ligthness': 'LOW', 'chroma': 'NEUTRAL', 'nine_color_group': 3}","{'color_code': '71R', 'color_name': 'VOLT', 'color_family': 'YELLOW-GREEN', 'ligthness': 'HIGH', 'chroma': 'VIVID', 'nine_color_group': 7}","{'color_code': '6CD', 'color_name': 'BRIGHT CRIMSON', 'color_family': 'PINK', 'ligthness': 'MEDIUM', 'chroma': 'VIVID', 'nine_color_group': 8}","{'color_code': '3KX', 'color_name': 'GREEN STRIKE', 'color_family': 'YELLOW-GREEN', 'ligthness': 'HIGH', 'chroma': 'VIVID', 'nine_color_group': 7}"
7e21cae0-08d8-4304-b2c9-8ad77f11cca5,1,DZ4856-400,,"{'color_code': '44B', 'color_name': 'MIDNIGHT NAVY', 'color_family': 'BLUE-PURPLE', 'ligthness': 'LOW', 'chroma': 'NEUTRAL', 'nine_color_group': 3}","{'color_code': '40W', 'color_name': 'PHOTO BLUE', 'color_family': 'BLUE-PURPLE', 'ligthness': 'MEDIUM', 'chroma': 'VIVID', 'nine_color_group': 8}","{'color_code': '10A', 'color_name': 'WHITE', 'color_family': 'WHITE', 'ligthness': 'HIGH', 'chroma': 'NEUTRAL', 'nine_color_group': 1}","{'color_code': '01B', 'color_name': 'METALLIC SILVER', 'color_family': 'GREY', 'ligthness': 'HIGH', 'chroma': 'NEUTRAL', 'nine_color_group': 1}","{'color_code': '00A', 'color_name': 'BLACK', 'color_family': 'BLACK', 'ligthness': 'LOW', 'chroma': 'NEUTRAL', 'nine_color_group': 3}",None
7c258cb4-e0a7-49b5-b991-2d6e72a07698,1,DC9394-400,,,,,,,
c1d66374-cbcb-456d-a842-f7c14cb6e9d0,1,DC9394-100,,"{'color_code': '10A', 'color_name': 'WHITE', 'color_family': 'WHITE', 'ligthness': 'HIGH', 'chroma': 'NEUTRAL', 'nine_color_group': 1}","{'color_code': '71R', 'color_name': 'VOLT', 'color_family': 'YELLOW-GREEN', 'ligthness': 'HIGH', 'chroma': 'VIVID', 'nine_color_group': 7}","{'color_code': '0AN', 'color_name': 'GREY FOG', 'color_family': 'GREY', 'ligthness': 'HIGH', 'chroma': 'NEUTRAL', 'nine_color_group': 1}","{'color_code': '00A', 'color_name': 'BLACK', 'color_family': 'BLACK', 'ligthness': 'LOW', 'chroma': 'NEUTRAL', 'nine_color_group': 3}","{'color_code': '4NP', 'color_name': 'HYPER ROYAL', 'color_family': 'BLUE-PURPLE', 'ligthness': 'LOW', 'chroma': 'TRUE', 'nine_color_group': 6}",None
4451f859-2352-45f4-906f-280ef64b7efa,1,924453-004,,,,,,,
8391a6ff-3f24-4588-84a4-314c3e43f3bb,1,DX1795-001,,"{'color_code': '00A', 'color_name': 'BLACK', 'color_family': 'BLACK', 'ligthness': 'LOW', 'chroma': 'NEUTRAL', 'nine_color_group': 3}","{'color_code': '65N', 'color_name': 'UNIVERSITY RED', 'color_family': 'RED', 'ligthness': 'LOW', 'chroma': 'VIVID', 'nine_color_group': 9}","{'color_code': '3LQ', 'color_name': 'WASHED TEAL', 'color_family': 'GREEN-BLUE', 'ligthness': 'MEDIUM', 'chroma': 'TRUE', 'nine_color_group': 5}","{'color_code': '06F', 'color_name': 'ANTHRACITE', 'color_family': 'GREY', 'ligthness': 'LOW', 'chroma': 'NEUTRAL', 'nine_color_group': 3}","{'color_code': '76I', 'color_name': 'UNIVERSITY GOLD', 'color_family': 'ORANGE', 'ligthness': 'HIGH', 'chroma': 'VIVID', 'nine_color_group': 7}",None
0cd2ead4-ff2e-4f24-a56d-ab65e61c70cf,1,DH4085-001,,"{'color_code': '01V', 'color_name': 'WOLF GREY', 'color_family': 'GREY', 'ligthness': 'HIGH', 'chroma': 'NEUTRAL', 'nine_color_group': 1}","{'color_code': '10A', 'color_name': 'WHITE', 'color_family': 'WHITE', 'ligthness': 'HIGH', 'chroma': 'NEUTRAL', 'nine_color_group': 1}","{'color_code': '71R', 'color_name': 'VOLT', 'color_family': 'YELLOW-GREEN', 'ligthness': 'HIGH', 'chroma': 'VIVID', 'nine_color_group': 7}","{'color_code': '06B', 'color_name': 'COOL GREY', 'color_family': 'GREY', 'ligthness': 'MEDIUM', 'chroma': 'NEUTRAL', 'nine_color_group': 2}","{'color_code': '00A', 'color_name': 'BLACK', 'color_family': 'BLACK', 'ligthness': 'LOW', 'chroma': 'NEUTRAL', 'nine_color_group': 3}","{'color_code': '04Z', 'color_name': 'PURE PLATINUM', 'color_family': 'GREY', 'ligthness': 'HIGH', 'chroma': 'NEUTRAL', 'nine_color_group': 1}"
9f68c63f-6c3a-43a5-a511-fb128b6989c9,1,DX3720-200,,,,,,,
dfe54c4c-1c62-4f11-b9b9-c22125d3fc6e,1,DH4084-100,,"{'color_code': '10A', 'color_name': 'WHITE', 'color_family': 'WHITE', 'ligthness': 'HIGH', 'chroma': 'NEUTRAL', 'nine_color_group': 1}","{'color_code': '00A', 'color_name': 'BLACK', 'color_family': 'BLACK', 'ligthness': 'LOW', 'chroma': 'NEUTRAL', 'nine_color_group': 3}","{'color_code': '01B', 'color_name': 'METALLIC SILVER', 'color_family': 'GREY', 'ligthness': 'HIGH', 'chroma': 'NEUTRAL', 'nine_color_group': 1}","{'color_code': '0AN', 'color_name': 'GREY FOG', 'color_family': 'GREY', 'ligthness': 'HIGH', 'chroma': 'NEUTRAL', 'nine_color_group': 1}","{'color_code': '10A', 'color_name': 'WHITE', 'color_family': 'WHITE', 'ligthness': 'HIGH', 'chroma': 'NEUTRAL', 'nine_color_group': 1}",None
a499acf2-887b-4265-be7e-87a78d053035,1,DH4086-001,,,,,,,
d59c9a7a-de9c-4fcd-a488-b3b2bd61b211,1,DH4084-002,,"{'color_code': '0AN', 'color_name': 'GREY FOG', 'color_family': 'GREY', 'ligthness': 'HIGH', 'chroma': 'NEUTRAL', 'nine_color_group': 1}","{'color_code': '80A', 'color_name': 'BRIGHT MANGO', 'color_family': 'PINK', 'ligthness': 'HIGH', 'chroma': 'VIVID', 'nine_color_group': 7}","{'color_code': '06F', 'color_name': 'ANTHRACITE', 'color_family': 'GREY', 'ligthness': 'LOW', 'chroma': 'NEUTRAL', 'nine_color_group': 3}","{'color_code': '01B', 'color_name': 'METALLIC SILVER', 'color_family': 'GREY', 'ligthness': 'HIGH', 'chroma': 'NEUTRAL', 'nine_color_group': 1}","{'color_code': '10A', 'color_name': 'WHITE', 'color_family': 'WHITE', 'ligthness': 'HIGH', 'chroma': 'NEUTRAL', 'nine_color_group': 1}",None
cd41825b-e717-4b4f-bdc9-cd0f1e5638a6,1,DH4085-400,,"{'color_code': '45B', 'color_name': 'OBSIDIAN', 'color_family': 'BLUE-PURPLE', 'ligthness': 'LOW', 'chroma': 'NEUTRAL', 'nine_color_group': 3}","{'color_code': '4ME', 'color_name': 'RACER BLUE', 'color_family': 'BLUE-PURPLE', 'ligthness': 'LOW', 'chroma': 'VIVID', 'nine_color_group': 9}","{'color_code': '00A', 'color_name': 'BLACK', 'color_family': 'BLACK', 'ligthness': 'LOW', 'chroma': 'NEUTRAL', 'nine_color_group': 3}","{'color_code': '01B', 'color_name': 'METALLIC SILVER', 'color_family': 'GREY', 'ligthness': 'HIGH', 'chroma': 'NEUTRAL', 'nine_color_group': 1}","{'color_code': '7AX', 'color_name': 'LT LEMON TWIST', 'color_family': 'YELLOW-GREEN', 'ligthness': 'HIGH', 'chroma': 'TRUE', 'nine_color_group': 4}",None
pexd96bxgbyteo2xziaf,1,924453-100,,,,,,,
pexd96bxgbyteo2xziaf,1,924453-100,,,,,,,
pexd96bxgbyteo2xziaf,1,924453-100,,,,,,,
pexd96bxgbyteo2xziaf,1,924453-100,,,,,,,
a7e3ec37-e46c-4da3-a7b0-b948aad8319f,1,CT2868-100,,"{'color_code': '10A', 'color_name': 'WHITE', 'color_family': 'WHITE', 'ligthness': 'HIGH', 'chroma': 'NEUTRAL', 'nine_color_group': 1}","{'color_code': '01V', 'color_name': 'WOLF GREY', 'color_family': 'GREY', 'ligthness': 'HIGH', 'chroma': 'NEUTRAL', 'nine_color_group': 1}","{'color_code': '00C', 'color_name': 'DARK GREY', 'color_family': 'GREY', 'ligthness': 'LOW', 'chroma': 'NEUTRAL', 'nine_color_group': 3}","{'color_code': '04Z', 'color_name': 'PURE PLATINUM', 'color_family': 'GREY', 'ligthness': 'HIGH', 'chroma': 'NEUTRAL', 'nine_color_group': 1}","{'color_code': '00A', 'color_name': 'BLACK', 'color_family': 'BLACK', 'ligthness': 'LOW', 'chroma': 'NEUTRAL', 'nine_color_group': 3}","{'color_code': '06N', 'color_name': 'REFLECT SILVER', 'color_family': 'BLUE-PURPLE', 'ligthness': 'MEDIUM', 'chroma': 'NEUTRAL', 'nine_color_group': 2}"
64f69fd6-8cfb-4194-9bff-19f84311fbd4,1,DM8121-001,,,,,,,
4252b535-f3e5-4562-be89-e5bb7aafb292,1,CJ6740-002,,,,,,,
609fe5e5-4c92-4278-9b5a-c67ba3d11736,1,DX3368-700,,"{'color_code': '71R', 'color_name': 'VOLT', 'color_family': 'YELLOW-GREEN', 'ligthness': 'HIGH', 'chroma': 'VIVID', 'nine_color_group': 7}","{'color_code': '40W', 'color_name': 'PHOTO BLUE', 'color_family': 'BLUE-PURPLE', 'ligthness': 'MEDIUM', 'chroma': 'VIVID', 'nine_color_group': 8}","{'color_code': '01B', 'color_name': 'METALLIC SILVER', 'color_family': 'GREY', 'ligthness': 'HIGH', 'chroma': 'NEUTRAL', 'nine_color_group': 1}","{'color_code': '6FT', 'color_name': 'PINK BLAST', 'color_family': 'PINK', 'ligthness': 'MEDIUM', 'chroma': 'VIVID', 'nine_color_group': 8}","{'color_code': '00A', 'color_name': 'BLACK', 'color_family': 'BLACK', 'ligthness': 'LOW', 'chroma': 'NEUTRAL', 'nine_color_group': 3}","{'color_code': '04Z', 'color_name': 'PURE PLATINUM', 'color_family': 'GREY', 'ligthness': 'HIGH', 'chroma': 'NEUTRAL', 'nine_color_group': 1}"
fc6991a4-a912-4967-b91c-8176ee8b0457,1,DC9394-001,,"{'color_code': '00A', 'color_name': 'BLACK', 'color_family': 'BLACK', 'ligthness': 'LOW', 'chroma': 'NEUTRAL', 'nine_color_group': 3}","{'color_code': '10A', 'color_name': 'WHITE', 'color_family': 'WHITE', 'ligthness': 'HIGH', 'chroma': 'NEUTRAL', 'nine_color_group': 1}","{'color_code': '06F', 'color_name': 'ANTHRACITE', 'color_family': 'GREY', 'ligthness': 'LOW', 'chroma': 'NEUTRAL', 'nine_color_group': 3}",None,"{'color_code': '00A', 'color_name': 'BLACK', 'color_family': 'BLACK', 'ligthness': 'LOW', 'chroma': 'NEUTRAL', 'nine_color_group': 3}",None
e485eda7-91b2-4799-be09-99a0307add48,1,DH4084-003,,,,,,,
09a6748f-c140-4969-a9bb-0307fd0d3646,1,DH4085-003,,"{'color_code': '07G', 'color_name': 'LIGHT BONE', 'color_family': 'GREY', 'ligthness': 'HIGH', 'chroma': 'NEUTRAL', 'nine_color_group': 1}","{'color_code': '12J', 'color_name': 'SUMMIT WHITE', 'color_family': 'GREY', 'ligthness': 'HIGH', 'chroma': 'NEUTRAL', 'nine_color_group': 1}","{'color_code': '00A', 'color_name': 'BLACK', 'color_family': 'BLACK', 'ligthness': 'LOW', 'chroma': 'NEUTRAL', 'nine_color_group': 3}","{'color_code': '01B', 'color_name': 'METALLIC SILVER', 'color_family': 'GREY', 'ligthness': 'HIGH', 'chroma': 'NEUTRAL', 'nine_color_group': 1}","{'color_code': '65N', 'color_name': 'UNIVERSITY RED', 'color_family': 'RED', 'ligthness': 'LOW', 'chroma': 'VIVID', 'nine_color_group': 9}",None
09a6748f-c140-4969-a9bb-0307fd0d3646,1,DH4085-003,,"{'color_code': '07G', 'color_name': 'LIGHT BONE', 'color_family': 'GREY', 'ligthness': 'HIGH', 'chroma': 'NEUTRAL', 'nine_color_group': 1}","{'color_code': '12J', 'color_name': 'SUMMIT WHITE', 'color_family': 'GREY', 'ligthness': 'HIGH', 'chroma': 'NEUTRAL', 'nine_color_group': 1}","{'color_code': '00A', 'color_name': 'BLACK', 'color_family': 'BLACK', 'ligthness': 'LOW', 'chroma': 'NEUTRAL', 'nine_color_group': 3}","{'color_code': '01B', 'color_name': 'METALLIC SILVER', 'color_family': 'GREY', 'ligthness': 'HIGH', 'chroma': 'NEUTRAL', 'nine_color_group': 1}","{'color_code': '65N', 'color_name': 'UNIVERSITY RED', 'color_family': 'RED', 'ligthness': 'LOW', 'chroma': 'VIVID', 'nine_color_group': 9}",None
09a6748f-c140-4969-a9bb-0307fd0d3646,1,DH4085-003,,"{'color_code': '07G', 'color_name': 'LIGHT BONE', 'color_family': 'GREY', 'ligthness': 'HIGH', 'chroma': 'NEUTRAL', 'nine_color_group': 1}","{'color_code': '12J', 'color_name': 'SUMMIT WHITE', 'color_family': 'GREY', 'ligthness': 'HIGH', 'chroma': 'NEUTRAL', 'nine_color_group': 1}","{'color_code': '00A', 'color_name': 'BLACK', 'color_family': 'BLACK', 'ligthness': 'LOW', 'chroma': 'NEUTRAL', 'nine_color_group': 3}","{'color_code': '01B', 'color_name': 'METALLIC SILVER', 'color_family': 'GREY', 'ligthness': 'HIGH', 'chroma': 'NEUTRAL', 'nine_color_group': 1}","{'color_code': '65N', 'color_name': 'UNIVERSITY RED', 'color_family': 'RED', 'ligthness': 'LOW', 'chroma': 'VIVID', 'nine_color_group': 9}",None
09a6748f-c140-4969-a9bb-0307fd0d3646,1,DH4085-003,,"{'color_code': '07G', 'color_name': 'LIGHT BONE', 'color_family': 'GREY', 'ligthness': 'HIGH', 'chroma': 'NEUTRAL', 'nine_color_group': 1}","{'color_code': '12J', 'color_name': 'SUMMIT WHITE', 'color_family': 'GREY', 'ligthness': 'HIGH', 'chroma': 'NEUTRAL', 'nine_color_group': 1}","{'color_code': '00A', 'color_name': 'BLACK', 'color_family': 'BLACK', 'ligthness': 'LOW', 'chroma': 'NEUTRAL', 'nine_color_group': 3}","{'color_code': '01B', 'color_name': 'METALLIC SILVER', 'color_family': 'GREY', 'ligthness': 'HIGH', 'chroma': 'NEUTRAL', 'nine_color_group': 1}","{'color_code': '65N', 'color_name': 'UNIVERSITY RED', 'color_family': 'RED', 'ligthness': 'LOW', 'chroma': 'VIVID', 'nine_color_group': 9}",None
ef9beca6-0764-49e8-8d33-dc8c5267fc46,1,DQ3974-100,,,,,,,
nzqclocdfvkyctjx2nsa,1,CK0900-001,,,,,,,
4a1e6257-ed70-4564-9765-dc67921c35fc,1,DQ8963-100,,"{'color_code': '10A', 'color_name': 'WHITE', 'color_family': 'WHITE', 'ligthness': 'HIGH', 'chroma': 'NEUTRAL', 'nine_color_group': 1}","{'color_code': '12J', 'color_name': 'SUMMIT WHITE', 'color_family': 'GREY', 'ligthness': 'HIGH', 'chroma': 'NEUTRAL', 'nine_color_group': 1}","{'color_code': '74G', 'color_name': 'YELLOW OCHRE', 'color_family': 'ORANGE', 'ligthness': 'HIGH', 'chroma': 'TRUE', 'nine_color_group': 4}","{'color_code': '74N', 'color_name': 'LEMON WASH', 'color_family': 'YELLOW', 'ligthness': 'HIGH', 'chroma': 'TRUE', 'nine_color_group': 4}","{'color_code': '74N', 'color_name': 'LEMON WASH', 'color_family': 'YELLOW', 'ligthness': 'HIGH', 'chroma': 'TRUE', 'nine_color_group': 4}","{'color_code': '00A', 'color_name': 'BLACK', 'color_family': 'BLACK', 'ligthness': 'LOW', 'chroma': 'NEUTRAL', 'nine_color_group': 3}"
5c0f5083-2fd2-4e0e-b1d9-b2180712659d,1,DQ7626-001,,,,,,,
i1-4d85b361-3f1c-4d26-85ca-cfd1c5354bb1,1,CW7299-001,,,,,,,
d74d9406-0911-44ac-a428-17548acce826,1,CZ1924-100,,,,,,,
82c621ab-186f-492c-98d0-5b15f8c1b2d4,1,CJ6740-001,,,,,,,
0461588d-8aae-46b2-a7cf-ab23b86a07af,1,CT1270-001,,"{'color_code': '0AI', 'color_name': 'IRON GREY', 'color_family': 'GREY', 'ligthness': 'LOW', 'chroma': 'NEUTRAL', 'nine_color_group': 3}","{'color_code': '0AK', 'color_name': 'PARTICLE GREY', 'color_family': 'GREY', 'ligthness': 'MEDIUM', 'chroma': 'NEUTRAL', 'nine_color_group': 2}","{'color_code': '06F', 'color_name': 'ANTHRACITE', 'color_family': 'GREY', 'ligthness': 'LOW', 'chroma': 'NEUTRAL', 'nine_color_group': 3}","{'color_code': '0AP', 'color_name': 'PLATINUM TINT', 'color_family': 'GREY', 'ligthness': 'HIGH', 'chroma': 'NEUTRAL', 'nine_color_group': 1}","{'color_code': '6FX', 'color_name': 'TRACK RED', 'color_family': 'RED', 'ligthness': 'MEDIUM', 'chroma': 'VIVID', 'nine_color_group': 8}","{'color_code': '0AN', 'color_name': 'GREY FOG', 'color_family': 'GREY', 'ligthness': 'HIGH', 'chroma': 'NEUTRAL', 'nine_color_group': 1}"
nrslyjetidz5klyxws93,1,AR6631-009,,,,,,,
sclpxrxoyxqwfu6fpmi5,1,AJ6900-002,,,,,,,
fcujpsr93l0mcpeyy8ad,1,924453-101,,,,,,,
ffc8c01d-0c5a-4941-877c-137897294769,1,DZ4403-400,,,,,,,
313f2680-ac54-4f43-a02e-f917ce094ec5,1,DZ4857-001,,"{'color_code': '00A', 'color_name': 'BLACK', 'color_family': 'BLACK', 'ligthness': 'LOW', 'chroma': 'NEUTRAL', 'nine_color_group': 3}","{'color_code': '06F', 'color_name': 'ANTHRACITE', 'color_family': 'GREY', 'ligthness': 'LOW', 'chroma': 'NEUTRAL', 'nine_color_group': 3}","{'color_code': '10A', 'color_name': 'WHITE', 'color_family': 'WHITE', 'ligthness': 'HIGH', 'chroma': 'NEUTRAL', 'nine_color_group': 1}",None,"{'color_code': '6CD', 'color_name': 'BRIGHT CRIMSON', 'color_family': 'PINK', 'ligthness': 'MEDIUM', 'chroma': 'VIVID', 'nine_color_group': 8}",None
eb55e862-08d1-448f-9336-26abcd45d5a3,1,DB0159-001,,"{'color_code': '00A', 'color_name': 'BLACK', 'color_family': 'BLACK', 'ligthness': 'LOW', 'chroma': 'NEUTRAL', 'nine_color_group': 3}","{'color_code': '84D', 'color_name': 'ORANGE', 'color_family': 'ORANGE', 'ligthness': 'MEDIUM', 'chroma': 'VIVID', 'nine_color_group': 8}","{'color_code': '76I', 'color_name': 'UNIVERSITY GOLD', 'color_family': 'ORANGE', 'ligthness': 'HIGH', 'chroma': 'VIVID', 'nine_color_group': 7}","{'color_code': '65N', 'color_name': 'UNIVERSITY RED', 'color_family': 'RED', 'ligthness': 'LOW', 'chroma': 'VIVID', 'nine_color_group': 9}","{'color_code': '10A', 'color_name': 'WHITE', 'color_family': 'WHITE', 'ligthness': 'HIGH', 'chroma': 'NEUTRAL', 'nine_color_group': 1}","{'color_code': '11K', 'color_name': 'SAIL', 'color_family': 'GREY', 'ligthness': 'HIGH', 'chroma': 'NEUTRAL', 'nine_color_group': 1}"
jtg5t8dwwd4qvyhly3xx,1,924453-009,,,,,,,
emk8f65rufwsdcqpjtqy,1,AJ6900-105,,,,,,,
kdevculvbpkvuhwedb20,1,924453-007,,,,,,,
7f8fd80c-7ef3-4577-9fd8-975798ef2a8f,1,CT1823-600,,,,,,,
97f0a67a-f0f9-4632-be95-2dadaf81bf29,1,CQ4535-001,,,,,,,
424621d0-e7c8-4cc9-bb09-3c3abc9fb29e,1,DH4084-400,,"{'color_code': '4JH', 'color_name': 'ARMORY BLUE', 'color_family': 'BLUE-PURPLE', 'ligthness': 'MEDIUM', 'chroma': 'NEUTRAL', 'nine_color_group': 2}","{'color_code': '0AL', 'color_name': 'LT SMOKE GREY', 'color_family': 'GREY', 'ligthness': 'HIGH', 'chroma': 'NEUTRAL', 'nine_color_group': 1}","{'color_code': '01B', 'color_name': 'METALLIC SILVER', 'color_family': 'GREY', 'ligthness': 'HIGH', 'chroma': 'NEUTRAL', 'nine_color_group': 1}",None,"{'color_code': '10A', 'color_name': 'WHITE', 'color_family': 'WHITE', 'ligthness': 'HIGH', 'chroma': 'NEUTRAL', 'nine_color_group': 1}",None
559ec1a2-c9c9-404d-af2d-e5fd714cfe5a,1,DH0279-100,,,,,,,
491ef034-052c-4e9e-8420-6e31bb732823,1,DM0025-001,,,,,,,
ydpcjricvpxssd02wmvp,1,AJ7292-101,,"{'color_code': '10A', 'color_name': 'WHITE', 'color_family': 'WHITE', 'ligthness': 'HIGH', 'chroma': 'NEUTRAL', 'nine_color_group': 1}","{'color_code': '02U', 'color_name': 'DK PEWTER', 'color_family': 'GREY', 'ligthness': 'MEDIUM', 'chroma': 'NEUTRAL', 'nine_color_group': 2}","{'color_code': '04L', 'color_name': 'GRANITE', 'color_family': 'GREY', 'ligthness': 'HIGH', 'chroma': 'NEUTRAL', 'nine_color_group': 1}",None,"{'color_code': '64H', 'color_name': 'HOT RED', 'color_family': 'PINK', 'ligthness': 'MEDIUM', 'chroma': 'VIVID', 'nine_color_group': 8}",None
331ef4a7-3091-4b83-9353-0982fbd29d6e,1,DD3054-001,,,,,,,
h8q9aodynapzuvbccjpt,1,AT8179-500,,,,,,,
usrjililkxis1pyppzbw,1,BV1712-001,,"{'color_code': '0AD', 'color_name': 'ATMOSPHERE GREY', 'color_family': 'GREY', 'ligthness': 'MEDIUM', 'chroma': 'NEUTRAL', 'nine_color_group': 2}","{'color_code': '0AG', 'color_name': 'THUNDER GREY', 'color_family': 'GREY', 'ligthness': 'LOW', 'chroma': 'NEUTRAL', 'nine_color_group': 3}","{'color_code': '71R', 'color_name': 'VOLT', 'color_family': 'YELLOW-GREEN', 'ligthness': 'HIGH', 'chroma': 'VIVID', 'nine_color_group': 7}","{'color_code': '10A', 'color_name': 'WHITE', 'color_family': 'WHITE', 'ligthness': 'HIGH', 'chroma': 'NEUTRAL', 'nine_color_group': 1}","{'color_code': '00A', 'color_name': 'BLACK', 'color_family': 'BLACK', 'ligthness': 'LOW', 'chroma': 'NEUTRAL', 'nine_color_group': 3}",None
jruklujdfjoulyy873hf,1,AT8179-100,,"{'color_code': '12J', 'color_name': 'SUMMIT WHITE', 'color_family': 'GREY', 'ligthness': 'HIGH', 'chroma': 'NEUTRAL', 'nine_color_group': 1}","{'color_code': '10A', 'color_name': 'WHITE', 'color_family': 'WHITE', 'ligthness': 'HIGH', 'chroma': 'NEUTRAL', 'nine_color_group': 1}","{'color_code': '4KR', 'color_name': 'BATTLE BLUE', 'color_family': 'BLUE-PURPLE', 'ligthness': 'LOW', 'chroma': 'TRUE', 'nine_color_group': 6}","{'color_code': '76I', 'color_name': 'UNIVERSITY GOLD', 'color_family': 'ORANGE', 'ligthness': 'HIGH', 'chroma': 'VIVID', 'nine_color_group': 7}","{'color_code': '6HS', 'color_name': 'RED ORBIT', 'color_family': 'PINK', 'ligthness': 'MEDIUM', 'chroma': 'VIVID', 'nine_color_group': 8}",None
olfmpyspaq1e9cnu8po9,1,924453-302,,,,,,,
qdu1g83j40aalgdq9w6c,1,AJ7291-002,,,,,,,
bsqprzbnsmeigwpjgtgw,1,924453-604,,"{'color_code': '6CD', 'color_name': 'BRIGHT CRIMSON', 'color_family': 'PINK', 'ligthness': 'MEDIUM', 'chroma': 'VIVID', 'nine_color_group': 8}","{'color_code': '58T', 'color_name': 'HYPER VIOLET', 'color_family': 'PURPLE', 'ligthness': 'MEDIUM', 'chroma': 'VIVID', 'nine_color_group': 8}","{'color_code': '87F', 'color_name': 'BRIGHT CERAMIC', 'color_family': 'ORANGE', 'ligthness': 'MEDIUM', 'chroma': 'VIVID', 'nine_color_group': 8}","{'color_code': '00A', 'color_name': 'BLACK', 'color_family': 'BLACK', 'ligthness': 'LOW', 'chroma': 'NEUTRAL', 'nine_color_group': 3}","{'color_code': '06N', 'color_name': 'REFLECT SILVER', 'color_family': 'BLUE-PURPLE', 'ligthness': 'MEDIUM', 'chroma': 'NEUTRAL', 'nine_color_group': 2}","{'color_code': '10A', 'color_name': 'WHITE', 'color_family': 'WHITE', 'ligthness': 'HIGH', 'chroma': 'NEUTRAL', 'nine_color_group': 1}"
mowufvg6b0z1g8x66e1e,1,AJ6900-006,,"{'color_code': '00A', 'color_name': 'BLACK', 'color_family': 'BLACK', 'ligthness': 'LOW', 'chroma': 'NEUTRAL', 'nine_color_group': 3}","{'color_code': '71R', 'color_name': 'VOLT', 'color_family': 'YELLOW-GREEN', 'ligthness': 'HIGH', 'chroma': 'VIVID', 'nine_color_group': 7}","{'color_code': '4JV', 'color_name': 'BLUE LAGOON', 'color_family': 'BLUE', 'ligthness': 'MEDIUM', 'chroma': 'TRUE', 'nine_color_group': 5}","{'color_code': '6FW', 'color_name': 'RACER PINK', 'color_family': 'PINK', 'ligthness': 'MEDIUM', 'chroma': 'VIVID', 'nine_color_group': 8}","{'color_code': '00A', 'color_name': 'BLACK', 'color_family': 'BLACK', 'ligthness': 'LOW', 'chroma': 'NEUTRAL', 'nine_color_group': 3}","{'color_code': '3KY', 'color_name': 'ELECTRO GREEN', 'color_family': 'GREEN', 'ligthness': 'HIGH', 'chroma': 'VIVID', 'nine_color_group': 7}"
c8bb6feyoks9xyqnqupu,1,AJ7291-100,,,,,,,
xhe2kclm1mzvlas8yz5b,1,AR6631-400,,"{'color_code': '4PH', 'color_name': 'INDIGO FORCE', 'color_family': 'BLUE-PURPLE', 'ligthness': 'LOW', 'chroma': 'TRUE', 'nine_color_group': 6}","{'color_code': '4DC', 'color_name': 'LAKESIDE', 'color_family': 'BLUE', 'ligthness': 'HIGH', 'chroma': 'TRUE', 'nine_color_group': 4}","{'color_code': '4MV', 'color_name': 'LT BLUE FURY', 'color_family': 'BLUE', 'ligthness': 'MEDIUM', 'chroma': 'TRUE', 'nine_color_group': 5}","{'color_code': '6HE', 'color_name': 'HABANERO RED', 'color_family': 'RED', 'ligthness': 'MEDIUM', 'chroma': 'VIVID', 'nine_color_group': 8}","{'color_code': '00A', 'color_name': 'BLACK', 'color_family': 'BLACK', 'ligthness': 'LOW', 'chroma': 'NEUTRAL', 'nine_color_group': 3}","{'color_code': '04Z', 'color_name': 'PURE PLATINUM', 'color_family': 'GREY', 'ligthness': 'HIGH', 'chroma': 'NEUTRAL', 'nine_color_group': 1}"
20dd8240-e4a3-4f3a-827b-ccae5ebff1cb,1,DJ5189-001,,"{'color_code': '00A', 'color_name': 'BLACK', 'color_family': 'BLACK', 'ligthness': 'LOW', 'chroma': 'NEUTRAL', 'nine_color_group': 3}","{'color_code': '32W', 'color_name': 'FRESHWATER', 'color_family': 'GREEN-BLUE', 'ligthness': 'LOW', 'chroma': 'TRUE', 'nine_color_group': 6}","{'color_code': '65N', 'color_name': 'UNIVERSITY RED', 'color_family': 'RED', 'ligthness': 'LOW', 'chroma': 'VIVID', 'nine_color_group': 9}","{'color_code': '77A', 'color_name': 'METALLIC GOLD', 'color_family': 'ORANGE', 'ligthness': 'HIGH', 'chroma': 'TRUE', 'nine_color_group': 4}","{'color_code': '10A', 'color_name': 'WHITE', 'color_family': 'WHITE', 'ligthness': 'HIGH', 'chroma': 'NEUTRAL', 'nine_color_group': 1}","{'color_code': '06F', 'color_name': 'ANTHRACITE', 'color_family': 'GREY', 'ligthness': 'LOW', 'chroma': 'NEUTRAL', 'nine_color_group': 3}"
qowdegqbdgtvlnr0zzqu,1,924453-603,,"{'color_code': '6HJ', 'color_name': 'ACTIVE FUCHSIA', 'color_family': 'PINK', 'ligthness': 'MEDIUM', 'chroma': 'VIVID', 'nine_color_group': 8}",None,None,None,"{'color_code': '00A', 'color_name': 'BLACK', 'color_family': 'BLACK', 'ligthness': 'LOW', 'chroma': 'NEUTRAL', 'nine_color_group': 3}",None
i2mi6kke0gv9g84pbv0r,1,CI9891-200,,"{'color_code': '2EU', 'color_name': 'MOON PARTICLE', 'color_family': 'GREY', 'ligthness': 'HIGH', 'chroma': 'NEUTRAL', 'nine_color_group': 1}","{'color_code': '6FT', 'color_name': 'PINK BLAST', 'color_family': 'PINK', 'ligthness': 'MEDIUM', 'chroma': 'VIVID', 'nine_color_group': 8}","{'color_code': '4JV', 'color_name': 'BLUE LAGOON', 'color_family': 'BLUE', 'ligthness': 'MEDIUM', 'chroma': 'TRUE', 'nine_color_group': 5}","{'color_code': '77B', 'color_name': 'BRIGHT CITRON', 'color_family': 'YELLOW', 'ligthness': 'HIGH', 'chroma': 'TRUE', 'nine_color_group': 4}","{'color_code': '00A', 'color_name': 'BLACK', 'color_family': 'BLACK', 'ligthness': 'LOW', 'chroma': 'NEUTRAL', 'nine_color_group': 3}",None
jb6sue2bcgs1iujesaff,1,AT8179-001,,,,,,,
lindydlplysyafmfy93z,1,942842-203,,"{'color_code': '23P', 'color_name': 'GOLDEN BEIGE', 'color_family': 'BROWN', 'ligthness': 'MEDIUM', 'chroma': 'NEUTRAL', 'nine_color_group': 2}","{'color_code': '79V', 'color_name': 'CLUB GOLD', 'color_family': 'ORANGE', 'ligthness': 'MEDIUM', 'chroma': 'TRUE', 'nine_color_group': 5}","{'color_code': '35W', 'color_name': 'DESERT MOSS', 'color_family': 'YELLOW', 'ligthness': 'MEDIUM', 'chroma': 'TRUE', 'nine_color_group': 5}","{'color_code': '80S', 'color_name': 'TOTAL ORANGE', 'color_family': 'ORANGE', 'ligthness': 'HIGH', 'chroma': 'VIVID', 'nine_color_group': 7}","{'color_code': '4ME', 'color_name': 'RACER BLUE', 'color_family': 'BLUE-PURPLE', 'ligthness': 'LOW', 'chroma': 'VIVID', 'nine_color_group': 9}","{'color_code': '00C', 'color_name': 'DARK GREY', 'color_family': 'GREY', 'ligthness': 'LOW', 'chroma': 'NEUTRAL', 'nine_color_group': 3}"
cd49183e-8b1f-4f95-b2a2-9f5d9ffd6d55,1,CJ6740-400,,,,,,,
15692276-3b29-4547-a3a5-7067051b3427,1,CK2718-001,,"{'color_code': '00A', 'color_name': 'BLACK', 'color_family': 'BLACK', 'ligthness': 'LOW', 'chroma': 'NEUTRAL', 'nine_color_group': 3}","{'color_code': '06F', 'color_name': 'ANTHRACITE', 'color_family': 'GREY', 'ligthness': 'LOW', 'chroma': 'NEUTRAL', 'nine_color_group': 3}","{'color_code': '00A', 'color_name': 'BLACK', 'color_family': 'BLACK', 'ligthness': 'LOW', 'chroma': 'NEUTRAL', 'nine_color_group': 3}","{'color_code': '04W', 'color_name': 'MTLC DARK GREY', 'color_family': 'GREY', 'ligthness': 'MEDIUM', 'chroma': 'NEUTRAL', 'nine_color_group': 2}","{'color_code': '00A', 'color_name': 'BLACK', 'color_family': 'BLACK', 'ligthness': 'LOW', 'chroma': 'NEUTRAL', 'nine_color_group': 3}","{'color_code': '00A', 'color_name': 'BLACK', 'color_family': 'BLACK', 'ligthness': 'LOW', 'chroma': 'NEUTRAL', 'nine_color_group': 3}"
49ee6f92-d45e-4758-946c-e81fb3fee1c5,1,CZ7904-001,,"{'color_code': '00A', 'color_name': 'BLACK', 'color_family': 'BLACK', 'ligthness': 'LOW', 'chroma': 'NEUTRAL', 'nine_color_group': 3}","{'color_code': '6HR', 'color_name': 'FLASH CRIMSON', 'color_family': 'PINK', 'ligthness': 'MEDIUM', 'chroma': 'VIVID', 'nine_color_group': 8}","{'color_code': '01B', 'color_name': 'METALLIC SILVER', 'color_family': 'GREY', 'ligthness': 'HIGH', 'chroma': 'NEUTRAL', 'nine_color_group': 1}","{'color_code': '10A', 'color_name': 'WHITE', 'color_family': 'WHITE', 'ligthness': 'HIGH', 'chroma': 'NEUTRAL', 'nine_color_group': 1}","{'color_code': '3KX', 'color_name': 'GREEN STRIKE', 'color_family': 'YELLOW-GREEN', 'ligthness': 'HIGH', 'chroma': 'VIVID', 'nine_color_group': 7}","{'color_code': '0AV', 'color_name': 'OFF NOIR', 'color_family': 'GREY', 'ligthness': 'LOW', 'chroma': 'NEUTRAL', 'nine_color_group': 3}"
7b696b8f-bbfb-4848-9ef3-a159d4f341e8,1,DC9393-600,,"{'color_code': '66Q', 'color_name': 'REDSTONE', 'color_family': 'RED', 'ligthness': 'LOW', 'chroma': 'TRUE', 'nine_color_group': 6}","{'color_code': '00A', 'color_name': 'BLACK', 'color_family': 'BLACK', 'ligthness': 'LOW', 'chroma': 'NEUTRAL', 'nine_color_group': 3}","{'color_code': '10A', 'color_name': 'WHITE', 'color_family': 'WHITE', 'ligthness': 'HIGH', 'chroma': 'NEUTRAL', 'nine_color_group': 1}",None,"{'color_code': '36E', 'color_name': 'ELECTRIC GREEN', 'color_family': 'YELLOW-GREEN', 'ligthness': 'HIGH', 'chroma': 'VIVID', 'nine_color_group': 7}",None
e6753879-69fc-482b-83cc-c5d01f33f833,1,CT2868-002,,,,,,,
svbe3ygabryvtkh8dawu,1,AO2447-001,,,,,,,
e57bf7db-a063-4e27-8e74-7326fab07b32,1,DQ7645-100,,"{'color_code': '10A', 'color_name': 'WHITE', 'color_family': 'WHITE', 'ligthness': 'HIGH', 'chroma': 'NEUTRAL', 'nine_color_group': 1}","{'color_code': '3LU', 'color_name': 'MINT FOAM', 'color_family': 'GREEN', 'ligthness': 'HIGH', 'chroma': 'NEUTRAL', 'nine_color_group': 1}","{'color_code': '3LQ', 'color_name': 'WASHED TEAL', 'color_family': 'GREEN-BLUE', 'ligthness': 'MEDIUM', 'chroma': 'TRUE', 'nine_color_group': 5}","{'color_code': '40H', 'color_name': 'LASER BLUE', 'color_family': 'BLUE', 'ligthness': 'MEDIUM', 'chroma': 'TRUE', 'nine_color_group': 5}","{'color_code': '6DQ', 'color_name': 'SIREN RED', 'color_family': 'RED', 'ligthness': 'MEDIUM', 'chroma': 'VIVID', 'nine_color_group': 8}","{'color_code': '73R', 'color_name': 'VIVID SULFUR', 'color_family': 'YELLOW', 'ligthness': 'HIGH', 'chroma': 'TRUE', 'nine_color_group': 4}"
e65ac7a8-b0c1-449f-819c-bf2df81db4d8,1,DM0025-100,,"{'color_code': '10A', 'color_name': 'WHITE', 'color_family': 'WHITE', 'ligthness': 'HIGH', 'chroma': 'NEUTRAL', 'nine_color_group': 1}","{'color_code': '00A', 'color_name': 'BLACK', 'color_family': 'BLACK', 'ligthness': 'LOW', 'chroma': 'NEUTRAL', 'nine_color_group': 3}","{'color_code': '01B', 'color_name': 'METALLIC SILVER', 'color_family': 'GREY', 'ligthness': 'HIGH', 'chroma': 'NEUTRAL', 'nine_color_group': 1}",None,"{'color_code': '40W', 'color_name': 'PHOTO BLUE', 'color_family': 'BLUE-PURPLE', 'ligthness': 'MEDIUM', 'chroma': 'VIVID', 'nine_color_group': 8}",None
e3b38de1-09ed-4e82-8cae-37ae2a1bcce6,1,DQ7633-100,,"{'color_code': '10A', 'color_name': 'WHITE', 'color_family': 'WHITE', 'ligthness': 'HIGH', 'chroma': 'NEUTRAL', 'nine_color_group': 1}","{'color_code': '88U', 'color_name': 'LT MADDER ROOT', 'color_family': 'ORANGE', 'ligthness': 'HIGH', 'chroma': 'TRUE', 'nine_color_group': 4}","{'color_code': '59A', 'color_name': 'LIGHT MARINE', 'color_family': 'BLUE-PURPLE', 'ligthness': 'HIGH', 'chroma': 'TRUE', 'nine_color_group': 4}","{'color_code': '01B', 'color_name': 'METALLIC SILVER', 'color_family': 'GREY', 'ligthness': 'HIGH', 'chroma': 'NEUTRAL', 'nine_color_group': 1}","{'color_code': '00A', 'color_name': 'BLACK', 'color_family': 'BLACK', 'ligthness': 'LOW', 'chroma': 'NEUTRAL', 'nine_color_group': 3}","{'color_code': '3LU', 'color_name': 'MINT FOAM', 'color_family': 'GREEN', 'ligthness': 'HIGH', 'chroma': 'NEUTRAL', 'nine_color_group': 1}"
6ba8b0dc-62ae-42fc-b595-9c9f58a0f446,1,CW1765-001,,,,,,,
b5748001-355e-43a0-80c4-c86fa58e740d,1,DQ7640-001,,,,,,,
f3119439-1964-46cf-a2fc-5d099bd1d04f,1,DV2119-100,,"{'color_code': '10A', 'color_name': 'WHITE', 'color_family': 'WHITE', 'ligthness': 'HIGH', 'chroma': 'NEUTRAL', 'nine_color_group': 1}","{'color_code': '47N', 'color_name': 'UNIVERSITY BLUE', 'color_family': 'BLUE-PURPLE', 'ligthness': 'MEDIUM', 'chroma': 'TRUE', 'nine_color_group': 5}","{'color_code': '4KW', 'color_name': 'WORN BLUE', 'color_family': 'BLUE', 'ligthness': 'MEDIUM', 'chroma': 'NEUTRAL', 'nine_color_group': 2}",None,"{'color_code': '6HE', 'color_name': 'HABANERO RED', 'color_family': 'RED', 'ligthness': 'MEDIUM', 'chroma': 'VIVID', 'nine_color_group': 8}",None
4d0bb813-9e8c-4985-a096-3796e21546eb,1,DH4084-001,,"{'color_code': '00A', 'color_name': 'BLACK', 'color_family': 'BLACK', 'ligthness': 'LOW', 'chroma': 'NEUTRAL', 'nine_color_group': 3}","{'color_code': '00A', 'color_name': 'BLACK', 'color_family': 'BLACK', 'ligthness': 'LOW', 'chroma': 'NEUTRAL', 'nine_color_group': 3}","{'color_code': '06F', 'color_name': 'ANTHRACITE', 'color_family': 'GREY', 'ligthness': 'LOW', 'chroma': 'NEUTRAL', 'nine_color_group': 3}",None,"{'color_code': '00A', 'color_name': 'BLACK', 'color_family': 'BLACK', 'ligthness': 'LOW', 'chroma': 'NEUTRAL', 'nine_color_group': 3}",None
3e6ed3bb-7c99-4499-8766-dc04de793212,1,DH4086-400,,"{'color_code': '4EV', 'color_name': 'GAME ROYAL', 'color_family': 'BLUE-PURPLE', 'ligthness': 'LOW', 'chroma': 'TRUE', 'nine_color_group': 6}","{'color_code': '10A', 'color_name': 'WHITE', 'color_family': 'WHITE', 'ligthness': 'HIGH', 'chroma': 'NEUTRAL', 'nine_color_group': 1}","{'color_code': '06F', 'color_name': 'ANTHRACITE', 'color_family': 'GREY', 'ligthness': 'LOW', 'chroma': 'NEUTRAL', 'nine_color_group': 3}",None,"{'color_code': '00A', 'color_name': 'BLACK', 'color_family': 'BLACK', 'ligthness': 'LOW', 'chroma': 'NEUTRAL', 'nine_color_group': 3}",None
56c9295c-6774-42a8-b351-813af40fea10,1,DQ3974-002,,,,,,,
a6e9ad81-34ba-4831-9cb7-6dd102fc105e,1,CT2868-003,,"{'color_code': '00A', 'color_name': 'BLACK', 'color_family': 'BLACK', 'ligthness': 'LOW', 'chroma': 'NEUTRAL', 'nine_color_group': 3}","{'color_code': '00A', 'color_name': 'BLACK', 'color_family': 'BLACK', 'ligthness': 'LOW', 'chroma': 'NEUTRAL', 'nine_color_group': 3}",None,None,"{'color_code': '00A', 'color_name': 'BLACK', 'color_family': 'BLACK', 'ligthness': 'LOW', 'chroma': 'NEUTRAL', 'nine_color_group': 3}",None
ufdvjwizdclhgpygwxsb,1,924453-401,,,,,,,
7ff450a7-d078-4a3c-93ee-575c5639a6d1,1,DQ4688-300,,,,,,,
f51a5a20-6489-4a16-b6cc-76ea240b5615,1,FD0712-400,,"{'color_code': '4EV', 'color_name': 'GAME ROYAL', 'color_family': 'BLUE-PURPLE', 'ligthness': 'LOW', 'chroma': 'TRUE', 'nine_color_group': 6}","{'color_code': '89K', 'color_name': 'VIVID ORANGE', 'color_family': 'ORANGE', 'ligthness': 'HIGH', 'chroma': 'VIVID', 'nine_color_group': 7}","{'color_code': '47N', 'color_name': 'UNIVERSITY BLUE', 'color_family': 'BLUE-PURPLE', 'ligthness': 'MEDIUM', 'chroma': 'TRUE', 'nine_color_group': 5}","{'color_code': '10A', 'color_name': 'WHITE', 'color_family': 'WHITE', 'ligthness': 'HIGH', 'chroma': 'NEUTRAL', 'nine_color_group': 1}","{'color_code': '47X', 'color_name': 'DEEP ROYAL BLUE', 'color_family': 'BLUE-PURPLE', 'ligthness': 'LOW', 'chroma': 'TRUE', 'nine_color_group': 6}",None
1122757d-1760-4cb6-9cbb-9684210f8296,1,DM0025-101,,,,,,,
15cffa1c-c70d-4e64-a7eb-8b46fc9ab32f,1,CJ6740-100,,,,,,,
g2bfrjcbqz5us3rsu6yv,1,BV6351-007,,"{'color_code': '05Y', 'color_name': 'DESERT SAND', 'color_family': 'GREY', 'ligthness': 'HIGH', 'chroma': 'NEUTRAL', 'nine_color_group': 1}","{'color_code': '2DB', 'color_name': 'RIDGEROCK', 'color_family': 'GREY', 'ligthness': 'LOW', 'chroma': 'NEUTRAL', 'nine_color_group': 3}","{'color_code': '36E', 'color_name': 'ELECTRIC GREEN', 'color_family': 'YELLOW-GREEN', 'ligthness': 'HIGH', 'chroma': 'VIVID', 'nine_color_group': 7}","{'color_code': '2EP', 'color_name': 'SEPIA STONE', 'color_family': 'GREY', 'ligthness': 'MEDIUM', 'chroma': 'NEUTRAL', 'nine_color_group': 2}","{'color_code': '01B', 'color_name': 'METALLIC SILVER', 'color_family': 'GREY', 'ligthness': 'HIGH', 'chroma': 'NEUTRAL', 'nine_color_group': 1}","{'color_code': '4ME', 'color_name': 'RACER BLUE', 'color_family': 'BLUE-PURPLE', 'ligthness': 'LOW', 'chroma': 'VIVID', 'nine_color_group': 9}"
v44omx2skbygvzitc2fs,1,BV6351-006,,"{'color_code': '0AG', 'color_name': 'THUNDER GREY', 'color_family': 'GREY', 'ligthness': 'LOW', 'chroma': 'NEUTRAL', 'nine_color_group': 3}","{'color_code': '08C', 'color_name': 'GUNSMOKE', 'color_family': 'GREY', 'ligthness': 'MEDIUM', 'chroma': 'NEUTRAL', 'nine_color_group': 2}","{'color_code': '2EP', 'color_name': 'SEPIA STONE', 'color_family': 'GREY', 'ligthness': 'MEDIUM', 'chroma': 'NEUTRAL', 'nine_color_group': 2}","{'color_code': '80S', 'color_name': 'TOTAL ORANGE', 'color_family': 'ORANGE', 'ligthness': 'HIGH', 'chroma': 'VIVID', 'nine_color_group': 7}","{'color_code': '06N', 'color_name': 'REFLECT SILVER', 'color_family': 'BLUE-PURPLE', 'ligthness': 'MEDIUM', 'chroma': 'NEUTRAL', 'nine_color_group': 2}","{'color_code': '26C', 'color_name': 'PUMICE', 'color_family': 'GREY', 'ligthness': 'MEDIUM', 'chroma': 'NEUTRAL', 'nine_color_group': 2}"
xcug0uvbs106akpggjga,1,924453-019,,,,,,,
df4c4fd8-bb93-497d-a293-9e6a3af7b8eb,1,CT2868-001,,"{'color_code': '06F', 'color_name': 'ANTHRACITE', 'color_family': 'GREY', 'ligthness': 'LOW', 'chroma': 'NEUTRAL', 'nine_color_group': 3}","{'color_code': '10A', 'color_name': 'WHITE', 'color_family': 'WHITE', 'ligthness': 'HIGH', 'chroma': 'NEUTRAL', 'nine_color_group': 1}","{'color_code': '44B', 'color_name': 'MIDNIGHT NAVY', 'color_family': 'BLUE-PURPLE', 'ligthness': 'LOW', 'chroma': 'NEUTRAL', 'nine_color_group': 3}","{'color_code': '00A', 'color_name': 'BLACK', 'color_family': 'BLACK', 'ligthness': 'LOW', 'chroma': 'NEUTRAL', 'nine_color_group': 3}","{'color_code': '03A', 'color_name': 'TECH GREY', 'color_family': 'GREY', 'ligthness': 'HIGH', 'chroma': 'NEUTRAL', 'nine_color_group': 1}","{'color_code': '3JP', 'color_name': 'SPORT TURQ', 'color_family': 'GREEN-BLUE', 'ligthness': 'MEDIUM', 'chroma': 'TRUE', 'nine_color_group': 5}"
52960d1d-c92e-477b-afa6-c09e13670b54,1,CT1823-001,,"{'color_code': '00A', 'color_name': 'BLACK', 'color_family': 'BLACK', 'ligthness': 'LOW', 'chroma': 'NEUTRAL', 'nine_color_group': 3}","{'color_code': '00A', 'color_name': 'BLACK', 'color_family': 'BLACK', 'ligthness': 'LOW', 'chroma': 'NEUTRAL', 'nine_color_group': 3}",None,None,"{'color_code': '10A', 'color_name': 'WHITE', 'color_family': 'WHITE', 'ligthness': 'HIGH', 'chroma': 'NEUTRAL', 'nine_color_group': 1}",None
04801332-8b44-4d12-a6d1-599b2f416466,1,CW1765-003,,"{'color_code': '07G', 'color_name': 'LIGHT BONE', 'color_family': 'GREY', 'ligthness': 'HIGH', 'chroma': 'NEUTRAL', 'nine_color_group': 1}","{'color_code': '0AN', 'color_name': 'GREY FOG', 'color_family': 'GREY', 'ligthness': 'HIGH', 'chroma': 'NEUTRAL', 'nine_color_group': 1}","{'color_code': '11K', 'color_name': 'SAIL', 'color_family': 'GREY', 'ligthness': 'HIGH', 'chroma': 'NEUTRAL', 'nine_color_group': 1}","{'color_code': '0AP', 'color_name': 'PLATINUM TINT', 'color_family': 'GREY', 'ligthness': 'HIGH', 'chroma': 'NEUTRAL', 'nine_color_group': 1}","{'color_code': '10A', 'color_name': 'WHITE', 'color_family': 'WHITE', 'ligthness': 'HIGH', 'chroma': 'NEUTRAL', 'nine_color_group': 1}","{'color_code': '79C', 'color_name': 'LEMON DROP', 'color_family': 'YELLOW', 'ligthness': 'HIGH', 'chroma': 'NEUTRAL', 'nine_color_group': 1}"
013f9fd7-dc43-435e-8595-eb1cbe3a211d,1,CK2718-003,,,,,,,
omzg4lwp0viavnthfrqn,1,AJ7292-001,,"{'color_code': '00A', 'color_name': 'BLACK', 'color_family': 'BLACK', 'ligthness': 'LOW', 'chroma': 'NEUTRAL', 'nine_color_group': 3}","{'color_code': '26U', 'color_name': 'MEDIUM ASH', 'color_family': 'GREY', 'ligthness': 'LOW', 'chroma': 'NEUTRAL', 'nine_color_group': 3}","{'color_code': '02U', 'color_name': 'DK PEWTER', 'color_family': 'GREY', 'ligthness': 'MEDIUM', 'chroma': 'NEUTRAL', 'nine_color_group': 2}","{'color_code': '03C', 'color_name': 'DUST', 'color_family': 'GREY', 'ligthness': 'MEDIUM', 'chroma': 'NEUTRAL', 'nine_color_group': 2}","{'color_code': '71R', 'color_name': 'VOLT', 'color_family': 'YELLOW-GREEN', 'ligthness': 'HIGH', 'chroma': 'VIVID', 'nine_color_group': 7}","{'color_code': '04L', 'color_name': 'GRANITE', 'color_family': 'GREY', 'ligthness': 'HIGH', 'chroma': 'NEUTRAL', 'nine_color_group': 1}"
ddb4c2cb-5bba-493b-b092-5fd554378384,1,CZ1924-001,,"{'color_code': '00A', 'color_name': 'BLACK', 'color_family': 'BLACK', 'ligthness': 'LOW', 'chroma': 'NEUTRAL', 'nine_color_group': 3}","{'color_code': '73H', 'color_name': 'CHAMOIS', 'color_family': 'ORANGE', 'ligthness': 'HIGH', 'chroma': 'TRUE', 'nine_color_group': 4}","{'color_code': '10A', 'color_name': 'WHITE', 'color_family': 'WHITE', 'ligthness': 'HIGH', 'chroma': 'NEUTRAL', 'nine_color_group': 1}",None,"{'color_code': '4HI', 'color_name': 'HYPER COBALT', 'color_family': 'BLUE-PURPLE', 'ligthness': 'LOW', 'chroma': 'VIVID', 'nine_color_group': 9}",None
5b771294-5cc7-4f88-a4fd-0acadceb3f2c,1,CT1823-400,,"{'color_code': '48S', 'color_name': 'STONE BLUE', 'color_family': 'BLUE-PURPLE', 'ligthness': 'MEDIUM', 'chroma': 'TRUE', 'nine_color_group': 5}","{'color_code': '43G', 'color_name': 'GLACIER BLUE', 'color_family': 'BLUE', 'ligthness': 'HIGH', 'chroma': 'NEUTRAL', 'nine_color_group': 1}",None,None,"{'color_code': '47X', 'color_name': 'DEEP ROYAL BLUE', 'color_family': 'BLUE-PURPLE', 'ligthness': 'LOW', 'chroma': 'TRUE', 'nine_color_group': 6}",None
i1-2c66495e-c351-4925-934c-3e4a096e9012,1,CK9671-400,,,,,,,
qdm5yxuxldmomyaocj7c,1,AR6631-701,,"{'color_code': '79V', 'color_name': 'CLUB GOLD', 'color_family': 'ORANGE', 'ligthness': 'MEDIUM', 'chroma': 'TRUE', 'nine_color_group': 5}","{'color_code': '85S', 'color_name': 'EMBER GLOW', 'color_family': 'PINK', 'ligthness': 'MEDIUM', 'chroma': 'VIVID', 'nine_color_group': 8}","{'color_code': '01B', 'color_name': 'METALLIC SILVER', 'color_family': 'GREY', 'ligthness': 'HIGH', 'chroma': 'NEUTRAL', 'nine_color_group': 1}","{'color_code': '00A', 'color_name': 'BLACK', 'color_family': 'BLACK', 'ligthness': 'LOW', 'chroma': 'NEUTRAL', 'nine_color_group': 3}","{'color_code': '2FI', 'color_name': 'LIGHT CREAM', 'color_family': 'GREY', 'ligthness': 'HIGH', 'chroma': 'NEUTRAL', 'nine_color_group': 1}",None
euyufk8blju6go1qep58,1,AJ6900-102,,,,,,,
euyufk8blju6go1qep58,1,AJ6900-102,,,,,,,
euyufk8blju6go1qep58,1,AJ6900-102,,,,,,,
euyufk8blju6go1qep58,1,AJ6900-102,,,,,,,
33628365-bef4-4c66-ae7f-62209a98dc05,1,CK9671-100,,"{'color_code': '10A', 'color_name': 'WHITE', 'color_family': 'WHITE', 'ligthness': 'HIGH', 'chroma': 'NEUTRAL', 'nine_color_group': 1}","{'color_code': '10A', 'color_name': 'WHITE', 'color_family': 'WHITE', 'ligthness': 'HIGH', 'chroma': 'NEUTRAL', 'nine_color_group': 1}","{'color_code': '06N', 'color_name': 'REFLECT SILVER', 'color_family': 'BLUE-PURPLE', 'ligthness': 'MEDIUM', 'chroma': 'NEUTRAL', 'nine_color_group': 2}","{'color_code': '00A', 'color_name': 'BLACK', 'color_family': 'BLACK', 'ligthness': 'LOW', 'chroma': 'NEUTRAL', 'nine_color_group': 3}","{'color_code': '10A', 'color_name': 'WHITE', 'color_family': 'WHITE', 'ligthness': 'HIGH', 'chroma': 'NEUTRAL', 'nine_color_group': 1}","{'color_code': '01B', 'color_name': 'METALLIC SILVER', 'color_family': 'GREY', 'ligthness': 'HIGH', 'chroma': 'NEUTRAL', 'nine_color_group': 1}"
016ab136-b035-4ce7-a0f8-03955c917d6c,1,CJ6740-003,,,,,,,
ui93uwbbvoyg5osufqo2,1,AT6810-100,,,,,,,
kfigjcgmlrbb4cfvawuh,1,942842-012,,,,,,,
